<?xml version="1.0" encoding="UTF-8"?>
<project-private xmlns="http://www.netbeans.org/ns/project-private/1">
    <editor-bookmarks xmlns="http://www.netbeans.org/ns/editor-bookmarks/2" lastBookmarkId="0"/>
    <open-files xmlns="http://www.netbeans.org/ns/projectui-open-files/2">
        <group>
            <file>file:/C:/Klaus/Ultimate/Buck_VMC_multiphase-develop/Buck_4ph.X/sources/apps/power_control/devices/dev_psfb_opstates.c</file>
            <file>file:/C:/Klaus/Ultimate/Buck_VMC_multiphase-develop/Buck_4ph.X/sources/apps/power_control/devices/dev_buck_4ph_converter.c</file>
            <file>file:/C:/Klaus/Ultimate/Buck_VMC_multiphase-develop/Buck_4ph.X/sources/common/I2C/I2C.c</file>
            <file>file:/C:/Klaus/Ultimate/Buck_VMC_multiphase-develop/Buck_4ph.X/sources/apps/power_control/app_power_control.c</file>
            <file>file:/C:/Klaus/Ultimate/Buck_VMC_multiphase-develop/Buck_4ph.X/sources/apps/comm/svc/svc_comm_engine.c</file>
            <file>file:/C:/Klaus/Ultimate/Buck_VMC_multiphase-develop/Buck_4ph.X/sources/common/I2C/I2C.h</file>
            <file>file:/C:/Klaus/Ultimate/Buck_VMC_multiphase-develop/Buck_4ph.X/sources/apps/power_control/drivers/vout_loop_vmc.c</file>
            <file>file:/C:/Klaus/Ultimate/Buck_VMC_multiphase-develop/Buck_4ph.X/sources/config/hal/buck_4p_config.h</file>
            <file>file:/C:/Klaus/Ultimate/Buck_VMC_multiphase-develop/Buck_4ph.X/sources/config/config_bits.c</file>
        </group>
    </open-files>
</project-private>
