{
   "metaDataVersion":"1.0.0",
   "category":"com.microchip.ide.project",
   "content":{
      "metaDataVersion":"1.0.0",
      "name":"com.microchip.mplabx.project.epc9148-power-3level-buck-acmc",
      "version":"1.0.0",
      "displayName":"EPC9148 250W 48V Ultra-Thin Three-level Synchronous Buck Converter",
      "projectName":"epc9148-power-3level-buck-acmc",
      "shortDescription":"Firmware for EPC9148 250W Three-level Synchronous Buck Converter Design featuring average current mode control (ACMC) with enhanced PWM steering",
      "ide":{
         "name":"MPLABX",
         "semverRange":">=5.40.0"
      },
      "compiler":{
         "name":"XC16",
         "semverRange":"^1.50.0"
      },
      "dfp":{
         "name":"dsPIC33CK-MP_DFP",
         "semverRange":">=1.4.102"
      },
	  "configurator": {
         "name": "MCC",
         "semverRange": ">=4.0.1"
      },
      "device":{
         "metaDataVersion":"1.0.0",
         "category":"com.microchip.portal.contentRef",
         "content":{
            "metaDataVersion":"1.0.0",
            "category":"com.microchip.device",
            "name":"dsPIC33CK32MP102",
            "versionRange":"*"
         }
      },
      "peripherals":[
         "PORT",
         "PWM",
		 "ADC",
		 "Timer"
      ],
	  "subcategories": [
		 "Power"
	  ],
	  "keywords": [
		 "dsc",
		 "dspic",
		 "power",
		 "power-conversion",
		 "power-supply",
		 "smps",
		 "Digital Power",
		 "Digital Signal Processing/ Filters"
	  ]
   }
}