<?xml version="1.0" encoding="UTF-8"?>
<project xmlns="http://www.netbeans.org/ns/project/1">
    <type>com.microchip.mplab.nbide.embedded.makeproject</type>
    <configuration>
        <data xmlns="http://www.netbeans.org/ns/make-project/1">
            <name>Buck_4ph</name>
            <creation-uuid>e061afa4-9869-4817-b528-08a2bcc7b947</creation-uuid>
            <make-project-type>0</make-project-type>
            <c-extensions>c</c-extensions>
            <cpp-extensions/>
            <header-extensions>h</header-extensions>
            <asminc-extensions>inc</asminc-extensions>
            <sourceEncoding>ISO-8859-1</sourceEncoding>
            <make-dep-projects/>
            <sourceRootList>
                <sourceRootElem>sources</sourceRootElem>
                <sourceRootElem>sources/common/p33c_pral</sourceRootElem>
                <sourceRootElem>sources/pil</sourceRootElem>
                <sourceRootElem>../../../MCU16ASMPS_Libraries/p33c-function-libraries-sandbox/moving_average.X/sources/common/p33c_flib</sourceRootElem>
            </sourceRootList>
            <confList>
                <confElem>
                    <name>MP506_WITH_PIL</name>
                    <type>2</type>
                </confElem>
                <confElem>
                    <name>MP506_NO_PIL</name>
                    <type>2</type>
                </confElem>
            </confList>
            <formatting>
                <project-formatting-style>false</project-formatting-style>
            </formatting>
        </data>
    </configuration>
</project>
